fixed acidity,volatile acidity,citric acid,residual sugar,chlorides,free sulfur dioxide,total sulfur dioxide,density,pH,sulphates,alcohol,quality
6.8,0.34,0.44,6.6,0.052,28,156,0.9955,3.14,0.41,9.6,5.0
8.3,0.21,0.41,2.2,0.05,24,108,0.994,2.85,0.45,9.5,5.0
7.2,0.19,0.31,1.4,0.046,37,135,0.9939,3.34,0.57,10.2,7.0
6.6,0.38,0.29,2.4,0.136,15,93,0.99336,3.18,0.6,9.5,5.0
6.5,0.24,0.39,17.3,0.052,22,126,0.99888,3.11,0.47,9.2,6.0
6.1,0.31,0.26,2.2,0.051,28,167,0.9926,3.37,0.47,10.4,6.0
7.5,0.42,0.45,9.1,0.029,20,125,0.996,3.12,0.36,10.1,6.0
6.8,0.46,0.26,6.3,0.147,49,159,0.99434,3.14,0.47,10.0,5.0
7.4,0.26,0.29,3.7,0.048,14,73,0.9915,3.06,0.45,11.4,6.0
6.3,0.28,0.34,8.1,0.038,44,129,0.99248,3.26,0.29,12.1,6.0
5.8,0.25,0.24,13.3,0.044,41,137,0.9972,3.34,0.42,9.5,5.0
6.8,0.21,0.36,18.1,0.046,32,133,1,3.27,0.48,8.8,5.0
6.8,0.32,0.37,3.4,0.023,19,87,0.9902,3.14,0.53,12.7,6.0
8.2,0.27,0.43,1.6,0.035,31,128,0.9916,3.1,0.5,12.3,6.0
6.1,0.19,0.37,2.6,0.041,24,99,0.99153,3.18,0.5,10.9,6.0
6.5,0.46,0.41,16.8,0.084,59,222,0.9993,3.18,0.58,9.0,5.0
6.2,0.38,0.18,7.4,0.095,28,195,0.99773,3.53,0.71,9.2,4.0
8.3,0.24,0.27,2.1,0.03,22,162,0.9914,2.99,0.68,11.9,6.0
7.3,0.37,0.16,14.9,0.048,59,240,0.99902,3.13,0.45,8.9,5.0
5,0.33,0.16,1.5,0.049,10,97,0.9917,3.48,0.44,10.7,6.0
6.9,0.19,0.38,1.15,0.023,30,105,0.99047,3.11,0.38,11.4,5.0
7.2,0.29,0.4,13.6,0.045,66,231,0.9977,3.08,0.59,9.6,6.0
6.8,0.22,0.36,1.2,0.052,38,127,0.9933,3.04,0.54,9.2,5.0
7.3,0.25,0.42,14.2,0.041,57,182,0.9996,3.29,0.75,9.1,7.0
6.1,0.41,0.04,1.3,0.036,23,121,0.99228,3.24,0.61,9.9,6.0
6.5,0.35,0.28,12.4,0.051,86,213,0.9962,3.16,0.51,9.9,6.0
6.6,0.25,0.3,1.6,0.046,32,134,0.993,3.42,0.51,10.1,7.0
7.9,0.41,0.37,4.5,0.03,40,114,0.992,3.17,0.54,12.4,7.0
4.9,0.235,0.27,11.75,0.03,34,118,0.9954,3.07,0.5,9.4,6.0
6.8,0.28,0.36,8,0.045,28,123,0.9928,3.02,0.37,11.4,6.0
7.2,0.27,0.37,5.4,0.026,27,114,0.99174,3.13,0.84,12.7,5.0
6.4,0.41,0.01,6.1,0.048,20,70,0.99362,3.19,0.42,10.0,5.0
7.8,0.2,0.28,10.2,0.054,78,186,0.997,3.14,0.46,10.0,6.0
7.1,0.21,0.31,3.8,0.021,40,142,0.99215,3.17,0.39,10.8,7.0
5.9,0.24,0.34,2,0.037,40,108,0.98948,3.19,0.5,12.3,6.0
7.4,0.27,0.48,1.1,0.047,17,132,0.9914,3.19,0.49,11.6,6.0
7.2,0.29,0.18,8.2,0.042,41,180,0.99644,3.16,0.49,9.1,5.0
6.2,0.3,0.31,1.2,0.048,19,125,0.98999,3.32,0.54,12.6,6.0
7.1,0.44,0.37,2.7,0.041,35,128,0.9896,3.07,0.43,13.5,7.0
6.9,0.3,0.29,1.3,0.053,24,189,0.99362,3.29,0.54,9.9,4.0
6.7,0.5,0.63,13.4,0.078,81,238,0.9988,3.08,0.44,9.2,5.0
7,0.12,0.19,4.9,0.055,27,127,0.9953,3.29,0.41,9.4,5.0
6.8,0.28,0.43,7.6,0.03,30,110,0.99164,3.08,0.59,12.5,8.0
6.4,0.17,0.27,1.5,0.037,20,98,0.9916,3.46,0.42,11.0,7.0
6.1,0.31,0.37,8.4,0.031,70,170,0.9934,3.42,0.4,11.7,8.0
7.1,0.38,0.4,2.2,0.042,54,201,0.99177,3.03,0.5,11.4,5.0
6,0.27,0.15,1.5,0.056,35,128,0.9936,3.12,0.45,8.8,5.0
6.4,0.5,0.2,2.4,0.059,19,112,0.99314,3.18,0.4,9.2,6.0
6.5,0.14,0.32,2.7,0.037,18,89,0.9924,3.4,0.74,11.5,7.0
6.8,0.27,0.22,17.8,0.034,16,116,0.9989,3.07,0.53,9.2,5.0
6.8,0.34,0.69,1.3,0.058,12,171,0.9931,3.06,0.47,9.7,5.0
6.5,0.29,0.31,1.7,0.035,24,79,0.99053,3.27,0.69,11.4,7.0
5.9,0.37,0.32,1.6,0.029,41,102,0.98916,3.41,0.55,12.7,7.0
6.1,0.27,0.28,9.8,0.042,61,125,0.99532,3.14,0.42,10.2,6.0
6.6,0.36,0.52,10.1,0.05,29,140,0.99628,3.07,0.4,9.4,5.0
6.5,0.17,0.31,1.5,0.041,34,121,0.99092,3.06,0.46,10.5,6.0
7.7,0.42,0.31,9.2,0.048,22,221,0.9969,3.06,0.61,9.2,6.0
7.5,0.33,0.39,12.4,0.065,29,119,0.9974,3.16,0.39,9.4,5.0
6.8,0.17,0.74,2.4,0.053,61,182,0.9953,3.63,0.76,10.5,6.0
6.6,0.24,0.28,6.7,0.032,26,91,0.99172,3.13,0.32,12.3,6.0
6.7,0.43,0.23,5,0.157,49,145,0.99471,3.17,0.49,9.4,5.0
7.2,0.2,0.38,1,0.037,21,74,0.9918,3.21,0.37,11.0,5.0
8.3,0.21,0.58,17.1,0.049,62,213,1.0006,3.01,0.51,9.3,6.0
5.5,0.29,0.3,1.1,0.022,20,110,0.98869,3.34,0.38,12.8,7.0
7.8,0.21,0.27,1.2,0.051,20,89,0.9936,3.06,0.46,9.1,5.0
5.9,0.24,0.3,2,0.033,28,92,0.99225,3.39,0.69,10.9,7.0
7.4,0.16,0.49,1.2,0.055,18,150,0.9917,3.23,0.47,11.2,6.0
8,0.17,0.29,2.4,0.029,52,119,0.98944,3.03,0.33,12.9,6.0
6.5,0.29,0.53,1.7,0.04,41,192,0.9922,3.26,0.59,10.4,7.0
6.6,0.27,0.25,3.1,0.052,41,188,0.9915,3.24,0.4,11.3,5.0
7.8,0.3,0.29,16.85,0.054,23,135,0.9998,3.16,0.38,9.0,6.0
7.8,0.31,0.4,1.6,0.027,20,87,0.9911,3.15,0.48,11.9,6.0
5.6,0.19,0.26,1.4,0.03,12,76,0.9905,3.25,0.37,10.9,7.0
6.4,0.29,0.44,3.6,0.2,75,181,0.9942,3.02,0.41,9.1,5.0
9.4,0.17,0.55,1.6,0.049,14,94,0.9949,3.02,0.61,10.3,6.0
6,0.59,0.0,0.8,0.037,30,95,0.99032,3.1,0.4,10.9,4.0
7.3,0.19,0.25,1.4,0.051,41,107,0.99382,3.53,0.66,10.5,7.0
6.7,0.21,0.34,1.4,0.049,36,112,0.99091,3.02,0.5,11.0,6.0
7.4,0.32,0.27,12.9,0.04,60,221,0.99831,3.05,0.66,9.4,5.0
7.1,0.18,0.26,1.3,0.041,20,71,0.9926,3.04,0.74,9.9,6.0
7.4,0.34,0.42,1.1,0.033,17,171,0.9917,3.12,0.53,11.3,6.0
7.4,0.3,0.22,5.25,0.053,33,180,0.9926,3.13,0.45,11.6,6.0
6.6,0.23,0.2,11.4,0.044,45,131,0.99604,2.96,0.51,9.7,6.0
6.7,0.46,0.21,4,0.034,12,88,0.99016,3.26,0.54,13.0,6.0
6.1,0.25,0.48,15.8,0.052,25,94,0.99782,3.07,0.45,9.2,6.0
6.1,0.38,0.14,3.9,0.06,27,113,0.99344,3.07,0.34,9.2,4.0
7.3,0.36,0.34,14.8,0.057,46,173,0.99751,3.14,0.57,10.2,5.0
7.1,0.26,0.19,8.2,0.051,53,187,0.996,3.16,0.52,9.7,5.0
6.1,0.25,0.28,10,0.055,56,131,0.994,3.22,0.35,10.9,6.0
6.7,0.34,0.31,16.4,0.051,20,146,0.99834,3.06,0.54,9.1,5.0
8.1,0.2,0.3,1.3,0.036,7,49,0.99242,2.99,0.73,10.3,5.0
7.5,0.27,0.36,7,0.036,45,164,0.9939,3.03,0.33,11.0,5.0
7,0.19,0.23,5.7,0.123,27,104,0.9954,3.04,0.54,9.4,6.0
7.1,0.53,0.24,0.8,0.029,29,86,0.993,3.16,0.32,9.1,4.0
6.6,0.24,0.38,8,0.042,56,187,0.99577,3.21,0.46,9.2,5.0
5.6,0.18,0.3,10.2,0.028,28,131,0.9954,3.49,0.42,10.8,7.0
7.2,0.31,0.5,13.3,0.056,68,195,0.9982,3.01,0.47,9.2,5.0
6.5,0.28,0.34,3.6,0.04,29,121,0.99111,3.28,0.48,12.1,7.0
7.1,0.2,0.3,0.9,0.019,4,28,0.98931,3.2,0.36,12.0,6.0
7.1,0.33,0.25,1.6,0.03,25,126,0.9901,3.22,0.34,12.1,7.0
6.8,0.21,0.62,6.4,0.041,7,113,0.99358,2.96,0.59,10.2,5.0
6.7,0.31,0.34,6.8,0.059,51,215,0.99538,3.33,0.56,10.3,5.0
5.8,0.2,0.34,1,0.035,40,86,0.98993,3.5,0.42,11.7,5.0
5.8,0.4,0.42,4.4,0.047,38.5,245,0.9937,3.25,0.57,9.6,6.0
7.3,0.29,0.29,4.6,0.029,27,155,0.9931,3.07,0.26,10.6,6.0
7.1,0.33,0.3,3.3,0.034,30,102,0.9912,3.08,0.31,12.3,7.0
6.8,0.57,0.29,2.2,0.04,15,77,0.9938,3.32,0.74,10.2,5.0
6.9,0.19,0.35,13.5,0.038,49,118,0.99546,3.0,0.63,10.7,6.0
7,0.22,0.24,11,0.041,75,167,0.99508,2.98,0.56,10.5,6.0
6.2,0.26,0.29,2,0.036,16,87,0.99081,3.33,0.61,11.8,6.0
7.1,0.26,0.34,14.4,0.067,35,189,0.9986,3.07,0.53,9.1,7.0
6.9,0.3,0.25,3.3,0.041,26,124,0.99428,3.18,0.5,9.3,6.0
7.4,0.18,0.24,1.4,0.047,21,106,0.99383,3.52,0.64,10.5,7.0
5.6,0.26,0.18,1.4,0.034,18,135,0.99174,3.32,0.35,10.2,6.0
7.5,0.21,0.29,1.5,0.046,35,107,0.99123,3.15,0.45,11.3,6.0
8,0.25,0.49,9,0.044,31,185,0.998,3.34,0.49,10.0,6.0
6.9,0.25,0.47,8.4,0.042,36,156,0.99604,3.15,0.55,9.4,6.0
6.9,0.49,0.24,1.2,0.049,13,125,0.9932,3.17,0.51,9.4,5.0
7.9,0.19,0.26,2.1,0.039,8,143,0.9942,3.05,0.74,9.8,5.0
7,0.13,0.37,12.85,0.042,36,105,0.99581,3.05,0.55,10.7,6.0
6.4,0.24,0.23,7.3,0.069,31,157,0.9962,3.25,0.53,9.1,5.0
7.8,0.27,0.35,1.2,0.05,36,140,0.99138,3.09,0.45,11.2,5.0
7.3,0.41,0.24,6.8,0.057,41,163,0.9949,3.2,0.41,9.9,6.0
6.8,0.16,0.29,10.4,0.046,59,143,0.99518,3.2,0.4,10.8,6.0
6.9,0.29,0.32,5.8,0.04,16,112,0.993,3.04,0.58,11.2,5.0
6.8,0.18,0.28,8.7,0.047,52,242,0.9952,3.22,0.53,10.5,6.0
6.7,0.325,0.82,1.2,0.152,49,120,0.99312,2.99,0.38,9.2,5.0
8,0.27,0.33,1.2,0.05,41,103,0.99002,3.0,0.45,12.4,6.0
5,0.27,0.4,1.2,0.076,42,124,0.99204,3.32,0.47,10.1,6.0
6.8,0.25,0.34,14,0.032,47,133,0.9952,3.37,0.5,12.2,7.0
6.4,0.15,0.44,1.2,0.043,67,150,0.9907,3.14,0.73,11.2,7.0
8.4,0.17,0.31,5.4,0.052,47,150,0.9953,3.24,0.38,9.8,5.0
6.3,0.4,0.24,5.1,0.036,43,131,0.99186,3.24,0.44,11.3,6.0
9.8,0.93,0.45,8.6,0.052,34,187,0.9994,3.12,0.59,10.2,4.0
6.7,0.24,0.32,9,0.023,20,109,0.99262,3.34,0.35,12.6,6.0
7.9,0.21,0.4,1.2,0.039,38,107,0.992,3.21,0.54,10.8,6.0
6.6,0.34,0.24,3.3,0.034,29,99,0.99031,3.1,0.4,12.3,7.0
6.5,0.22,0.25,17.1,0.05,44,138,1.0001,3.3,0.37,8.8,5.0
5.8,0.29,0.21,2.6,0.025,12,120,0.9894,3.39,0.79,14.0,7.0
6.8,0.2,0.59,0.9,0.147,38,132,0.993,3.05,0.38,9.1,6.0
7.1,0.36,0.37,4.8,0.019,39,114,0.99036,3.08,0.49,12.7,7.0
6.7,0.36,0.28,8.3,0.034,29,81,0.99151,2.96,0.39,12.5,6.0
5.8,0.17,0.3,1.4,0.037,55,130,0.9909,3.29,0.38,11.3,6.0
7.9,0.26,0.33,10.3,0.039,73,212,0.9969,2.93,0.49,9.5,6.0
6.9,0.43,0.28,9.4,0.056,29,183,0.99594,3.17,0.43,9.4,5.0
7,0.27,0.36,20.7,0.045,45,170,1.001,3.0,0.45,8.8,6.0
7.6,0.17,0.27,4.6,0.05,23,98,0.99422,3.08,0.47,9.5,6.0
6.4,0.105,0.29,1.1,0.035,44,140,0.99142,3.17,0.55,10.7,7.0
7.1,0.14,0.35,1.4,0.039,24,128,0.99212,2.97,0.68,10.4,5.0
6.2,0.18,0.38,1.5,0.028,36,117,0.993,3.47,0.54,9.7,6.0
6.6,0.64,0.28,4.4,0.032,19,78,0.99036,3.11,0.62,12.9,6.0
6.4,0.26,0.43,12.6,0.033,64,230,0.9974,3.08,0.38,8.9,5.0
6.9,0.24,0.33,12.5,0.046,47,153,0.9983,3.28,0.77,9.6,6.0
6.7,0.18,0.28,10.2,0.039,29,115,0.99469,3.11,0.45,10.9,7.0
8.1,0.28,0.46,15.4,0.059,32,177,1.0004,3.27,0.58,9.0,4.0
7,0.24,0.36,2.8,0.034,22,112,0.99,3.19,0.38,12.6,8.0
6.5,0.28,0.34,9.9,0.038,30,133,0.9954,3.11,0.44,9.8,5.0
7.6,0.15,0.35,4.3,0.051,23,98,0.99422,3.1,0.44,9.5,6.0
6.2,0.3,0.33,3.5,0.037,37,155,0.98987,3.18,0.37,12.4,6.0
6.7,0.28,0.34,8.9,0.048,32,111,0.99455,3.25,0.54,11.0,7.0
6.2,0.36,0.22,5.25,0.038,44,145,0.99184,3.22,0.4,11.2,6.0
7.4,0.44,0.2,11.5,0.049,44,157,0.998,3.27,0.44,9.0,5.0
6.4,0.26,0.42,9.7,0.044,30,140,0.9962,3.18,0.47,9.1,6.0
7.1,0.2,0.37,1.5,0.049,28,129,0.99226,3.15,0.52,10.8,5.0
7.1,0.27,0.27,10.4,0.041,26,114,0.99335,3.04,0.52,11.5,7.0
6.2,0.17,0.3,1.1,0.037,14,79,0.993,3.5,0.54,10.3,6.0
5,0.35,0.25,7.8,0.031,24,116,0.99241,3.39,0.4,11.3,6.0
7.8,0.29,0.22,9.5,0.056,44,213,0.99715,3.08,0.61,9.3,6.0
6.7,0.39,0.24,2.7,0.017,22,80,0.99084,3.03,0.37,11.5,5.0
6.8,0.14,0.18,1.4,0.047,30,90,0.99164,3.27,0.54,11.2,6.0
7.2,0.2,0.61,16.2,0.043,14,103,0.9987,3.06,0.36,9.2,6.0
5.6,0.46,0.24,4.8,0.042,24,72,0.9908,3.29,0.37,12.6,6.0
6.6,0.32,0.33,2.5,0.052,40,210,0.99316,3.15,0.6,10.0,5.0
6.1,0.3,0.3,2.1,0.031,50,163,0.9895,3.39,0.43,12.7,7.0
6.7,0.54,0.27,7.1,0.049,8,178,0.99502,3.16,0.38,9.4,4.0
7.1,0.18,0.32,12.2,0.048,36,125,0.9967,2.92,0.54,9.4,6.0
9.2,0.28,0.46,3.2,0.058,39,133,0.996,3.14,0.58,9.5,5.0
6.9,0.32,0.15,8.1,0.046,51,180,0.9958,3.13,0.45,8.9,5.0
6.7,0.48,0.32,1.4,0.021,22,121,0.9889,3.15,0.53,12.7,7.0
7,0.23,0.35,1.4,0.036,31,113,0.9912,3.16,0.48,10.8,7.0
7.8,0.29,0.29,3.15,0.044,41,117,0.99153,3.24,0.35,11.5,5.0
7.6,0.21,0.49,2.5,0.047,20,130,0.99178,3.15,0.48,11.1,5.0
7.2,0.26,0.4,6.3,0.047,52,172,0.99573,3.18,0.53,9.5,6.0
6.7,0.19,0.23,6.2,0.047,36,117,0.9945,3.34,0.43,9.6,6.0
6.2,0.23,0.36,17.2,0.039,37,130,0.99946,3.23,0.43,8.8,6.0
4.9,0.33,0.31,1.2,0.016,39,150,0.98713,3.33,0.59,14.0,8.0
6.5,0.18,0.29,1.7,0.035,39,144,0.9927,3.49,0.5,10.5,6.0
5.5,0.24,0.45,1.7,0.046,22,113,0.99224,3.22,0.48,10.0,5.0
7.2,0.29,0.4,7.6,0.024,56,177,0.9928,3.04,0.32,11.5,6.0
6.2,0.46,0.25,4.4,0.066,62,207,0.9939,3.25,0.52,9.8,5.0
8,0.19,0.36,1.8,0.05,16,84,0.9936,3.15,0.45,9.8,7.0
5.3,0.165,0.24,1.1,0.051,25,105,0.9925,3.32,0.47,9.1,5.0
5.5,0.3,0.25,1.9,0.029,33,118,0.98972,3.36,0.66,12.5,6.0
7.9,0.26,0.41,15.15,0.04,38,216,0.9976,2.96,0.6,10.0,6.0
7.3,0.4,0.26,5.45,0.016,26,90,0.98951,2.84,0.54,13.2,7.0
8.8,0.28,0.45,6,0.022,14,49,0.9934,3.01,0.33,11.1,7.0
6.7,0.2,0.3,1.4,0.025,17,76,0.99104,3.11,0.44,11.0,6.0
6.8,0.26,0.24,7.8,0.052,54,214,0.9961,3.13,0.47,8.9,5.0
7.5,0.21,0.34,1.2,0.06,26,111,0.9931,3.51,0.47,10.7,6.0
6.3,0.2,0.37,11.8,0.045,58,130,0.99519,3.2,0.35,10.8,5.0
6.8,0.45,0.3,11.8,0.094,23,97,0.997,3.09,0.44,9.6,5.0
6.5,0.29,0.42,10.6,0.042,66,202,0.99674,3.24,0.53,9.5,6.0
8.2,0.23,0.37,1.3,0.042,39,117,0.9928,2.99,0.36,10.0,5.0
6.1,0.22,0.23,3.1,0.052,15,104,0.9948,3.14,0.42,8.7,5.0
7.4,0.35,0.24,6,0.042,28,123,0.99304,3.14,0.44,11.3,5.0
6.2,0.21,0.26,13.1,0.05,59,150,0.99772,3.31,0.46,9.0,5.0
6.3,0.23,0.21,5.1,0.035,29,142,0.9942,3.36,0.33,10.1,7.0
6.7,0.54,0.28,5.4,0.06,21,105,0.9949,3.27,0.37,9.0,5.0
5.6,0.245,0.32,1.1,0.047,24,152,0.9927,3.12,0.42,9.3,6.0
6.6,0.18,0.28,3.3,0.044,18,91,0.993,3.42,0.64,10.8,6.0
7.3,0.25,0.27,3.8,0.047,16,79,0.99173,3.07,0.46,11.3,6.0
7.4,0.2,0.43,7.8,0.045,27,153,0.9964,3.19,0.55,9.0,7.0
7.4,0.19,0.49,9.3,0.03,26,132,0.994,2.99,0.32,11.0,7.0
8,0.32,0.26,1.2,0.05,11.5,88,0.9946,3.24,0.37,9.5,4.0
8.5,0.15,0.49,1.5,0.031,17,122,0.9932,3.03,0.4,10.3,6.0
7,0.2,0.33,4.7,0.03,25,76,0.99202,2.88,0.54,10.5,6.0
5.8,0.24,0.44,3.5,0.029,5,109,0.9913,3.53,0.43,11.7,3.0
6.2,0.2,0.25,15,0.055,8,120,0.99767,3.19,0.53,9.6,6.0
6.9,0.24,0.39,1.3,0.063,18,136,0.9928,3.31,0.48,10.4,7.0
6.8,0.26,0.34,13.9,0.034,39,134,0.9949,3.33,0.53,12.0,6.0
6.4,0.105,0.29,1.1,0.035,44,140,0.99142,3.17,0.55,10.7,7.0
5.9,0.22,0.38,1.3,0.046,24,90,0.99232,3.2,0.47,10.0,6.0
7.6,0.25,1.23,4.6,0.035,51,294,0.99018,3.03,0.43,13.1,6.0
7.2,0.21,1.0,1.1,0.154,46,114,0.9931,2.95,0.43,9.2,6.0
6.9,0.19,0.35,5,0.067,32,150,0.995,3.36,0.48,9.8,5.0
6.7,0.19,0.36,1.1,0.026,63,143,0.9912,3.27,0.48,11.0,6.0
7.5,0.23,0.29,2.6,0.031,24,98,0.99194,3.0,0.54,10.9,6.0
6.2,0.26,0.37,7.1,0.047,54,201,0.99523,3.19,0.48,9.5,6.0
7.2,0.17,0.34,6.4,0.042,16,111,0.99278,2.99,0.4,10.8,6.0
8.1,0.12,0.49,1.2,0.042,43,160,0.9934,3.13,0.48,9.7,6.0
6.7,0.41,0.27,2.6,0.033,25,85,0.99086,3.05,0.34,11.7,6.0
6.4,0.17,0.32,2.4,0.048,41,200,0.9938,3.5,0.5,9.7,6.0
8.1,0.46,0.31,1.7,0.052,50,183,0.9923,3.03,0.42,11.2,5.0
7.3,0.155,0.49,1.3,0.039,34,136,0.9926,3.14,0.77,10.5,6.0
7.5,0.18,0.45,4.6,0.041,67,158,0.9927,3.01,0.38,10.6,6.0
7.9,0.16,0.3,4.8,0.037,37,171,0.9967,3.47,0.44,9.0,4.0
6.1,0.21,0.19,1.4,0.046,51,131,0.99184,3.22,0.39,10.5,5.0
6.2,0.24,0.28,12.2,0.049,54,133,0.9952,3.19,0.37,10.7,6.0
6.7,0.24,0.29,14.9,0.053,55,136,0.99839,3.03,0.52,9.0,5.0
7.3,0.21,0.29,1.6,0.034,29,118,0.9917,3.3,0.5,11.0,8.0
8,0.18,0.49,1.8,0.061,10,145,0.9942,3.23,0.48,10.0,5.0
6.9,0.17,0.3,2,0.047,13,117,0.99152,3.16,0.51,11.6,6.0
6.4,0.23,0.39,1.8,0.032,23,118,0.9912,3.32,0.5,11.8,6.0
6.5,0.22,0.32,2.2,0.028,36,92,0.99076,3.27,0.59,11.9,7.0
7.5,0.705,0.1,13,0.044,44,214,0.99741,3.1,0.5,9.1,5.0
5.7,0.22,0.22,16.65,0.044,39,110,0.99855,3.24,0.48,9.0,6.0
7.2,0.22,0.35,5.5,0.054,37,183,0.99474,3.08,0.5,10.3,5.0
7.4,0.31,0.48,14.2,0.042,62,204,0.9983,3.06,0.59,9.4,5.0
8.4,0.2,0.27,6.3,0.048,30,143,0.9966,3.25,0.5,9.1,6.0
5.3,0.16,0.39,1,0.028,40,101,0.99156,3.57,0.59,10.6,6.0
7.4,0.24,0.29,10.1,0.05,21,105,0.9962,3.13,0.35,9.5,5.0
6.3,0.35,0.26,17.6,0.061,59,198,0.99918,3.11,0.49,8.8,5.0
6.9,0.25,0.35,1.3,0.039,29,191,0.9908,3.13,0.52,11.0,6.0
6.6,0.38,0.29,2.9,0.035,15,101,0.98916,3.04,0.37,12.5,6.0
6.9,0.38,0.25,9.8,0.04,28,191,0.9971,3.28,0.61,9.2,5.0
5.6,0.25,0.19,2.4,0.049,42,166,0.992,3.25,0.43,10.4,6.0
7.3,0.13,0.31,2.3,0.054,22,104,0.9924,3.24,0.92,11.5,7.0
7.3,0.26,0.49,5,0.028,32,107,0.9936,3.24,0.54,10.8,6.0
6.9,0.28,0.31,7.2,0.04,47,168,0.9946,3.29,0.57,10.6,7.0
6.5,0.36,0.38,10.2,0.028,20,82,0.99274,3.1,0.43,12.1,7.0
7.4,0.23,0.43,1.4,0.044,22,113,0.9938,3.22,0.62,10.6,6.0
7.8,0.27,0.33,2.4,0.053,36,175,0.992,3.2,0.55,11.0,6.0
6.8,0.25,0.29,2,0.042,19,189,0.9952,3.46,0.54,10.2,6.0
6.7,0.21,0.37,2.5,0.034,35,89,0.9913,3.25,0.5,11.0,7.0
6.8,0.35,0.32,2.4,0.048,35,103,0.9911,3.28,0.46,12.0,8.0
6.2,0.23,0.36,17.2,0.039,37,130,0.99946,3.23,0.43,8.8,6.0
8.2,0.26,0.49,5.2,0.04,19,100,0.9941,3.12,0.34,10.1,6.0
6.1,0.38,0.47,1.4,0.051,59,210,0.99309,3.24,0.5,9.6,5.0
6,0.395,0.0,1.4,0.042,7,55,0.99135,3.37,0.38,11.2,4.0
5.1,0.26,0.33,1.1,0.027,46,113,0.98946,3.35,0.43,11.4,7.0
6.9,0.26,0.29,4.2,0.043,33,114,0.9902,3.16,0.31,12.5,6.0
7,0.29,0.37,4.9,0.034,26,127,0.9928,3.17,0.44,10.8,6.0
7.8,0.34,0.27,1.2,0.04,25,106,0.9932,3.01,0.55,10.4,5.0
7.6,0.19,0.41,1.1,0.04,38,143,0.9907,2.92,0.42,11.4,5.0
5.8,0.29,0.27,1.6,0.062,17,140,0.99138,3.23,0.35,11.1,6.0
5.8,0.33,0.2,16.05,0.047,26,166,0.9976,3.09,0.46,8.9,5.0
7.5,0.17,0.44,11.3,0.046,65,146,0.997,3.17,0.45,10.0,6.0
6.5,0.38,0.34,3.4,0.036,34,200,0.9937,3.14,0.76,10.0,5.0
7.3,0.24,0.39,3.6,0.024,35,116,0.9928,3.17,0.51,10.9,5.0
6.5,0.21,0.51,17.6,0.045,34,125,0.99966,3.2,0.47,8.8,6.0
6.9,0.23,0.24,14.2,0.053,19,94,0.9982,3.17,0.5,9.6,5.0
5.2,0.24,0.45,3.8,0.027,21,128,0.992,3.55,0.49,11.2,8.0
7.2,0.29,0.2,7.7,0.046,51,174,0.99582,3.16,0.52,9.5,5.0
7.2,0.14,0.35,1.2,0.036,15,73,0.9938,3.46,0.39,9.9,5.0
6.4,0.15,0.4,1.3,0.053,61,146,0.99112,3.17,0.68,11.0,6.0
6.5,0.41,0.64,11.8,0.065,65,225,0.9978,3.12,0.51,8.9,5.0
6.9,0.15,0.29,2.3,0.033,14,82,0.99132,3.1,0.58,11.2,7.0
7.6,0.19,0.32,18.75,0.047,32,193,1.00014,3.1,0.5,9.3,7.0
7.1,0.47,0.24,6,0.044,11,77,0.9956,3.21,0.56,9.7,5.0
6,0.19,0.29,1.2,0.046,29,92,0.99033,3.22,0.53,11.3,6.0
8,0.32,0.36,4.6,0.042,56,178,0.9928,3.29,0.47,12.0,6.0
7.6,0.22,0.28,12,0.056,68,143,0.9983,2.99,0.3,9.2,6.0
8.3,0.33,0.42,1.15,0.033,18,96,0.9911,3.2,0.32,12.4,3.0
7.4,0.27,0.31,2.4,0.014,15,143,0.99094,3.03,0.65,12.0,4.0
6.3,0.3,0.24,6.6,0.04,38,141,0.995,3.22,0.47,9.5,5.0
6.2,0.32,0.12,4.8,0.054,6,97,0.99424,3.16,0.5,9.3,5.0
8,0.66,0.72,17.55,0.042,62,233,0.9999,2.92,0.68,9.4,4.0
6.4,0.2,0.15,6.6,0.046,26,113,0.99408,2.99,0.58,9.9,6.0
7.8,0.26,0.27,1.9,0.051,52,195,0.9928,3.23,0.5,10.9,6.0
8.3,0.4,0.41,8.2,0.05,15,122,0.9979,3.39,0.49,9.3,5.0
6.7,0.26,0.39,6.4,0.171,64,200,0.99562,3.19,0.38,9.4,6.0
7.6,0.27,0.34,5,0.04,18,56,0.99084,3.06,0.48,12.4,6.0
7.6,0.48,0.31,9.4,0.046,6,194,0.99714,3.07,0.61,9.4,5.0
6.3,0.18,0.36,1.2,0.034,26,111,0.99074,3.16,0.51,11.0,6.0
6.8,0.31,0.3,8,0.028,33,122,0.99164,3.13,0.63,12.6,7.0
6.4,0.41,0.24,14,0.048,24,113,0.9982,3.44,0.53,9.8,6.0
7.2,0.23,0.32,8.5,0.058,47,186,0.9956,3.19,0.4,9.9,6.0
6.6,0.36,0.47,1.4,0.145,26,124,0.99274,3.09,0.56,10.1,6.0
6.2,0.17,0.28,4.7,0.037,39,133,0.9931,3.41,0.46,10.8,7.0
7.9,0.18,0.33,1.2,0.033,20,72,0.9922,3.12,0.38,10.5,7.0
6.1,0.16,0.24,1.4,0.046,17,77,0.99319,3.66,0.57,10.3,6.0
6.4,0.43,0.32,1.4,0.048,10,67,0.992,3.08,0.41,11.4,5.0
7.3,0.24,0.39,17.95,0.057,45,149,0.9999,3.21,0.36,8.6,5.0
7.6,0.31,0.26,1.7,0.073,40,157,0.9938,3.1,0.46,9.8,5.0
6.8,0.19,0.34,1.9,0.04,41,108,0.99,3.25,0.45,12.9,6.0
6.1,0.15,0.29,6.2,0.046,39,151,0.99471,3.6,0.44,10.6,6.0
6,0.14,0.17,5.6,0.036,37,127,0.99373,3.05,0.57,9.8,6.0
7.1,0.34,0.2,6.1,0.063,47,164,0.9946,3.17,0.42,10.0,5.0
5.9,0.12,0.27,4.8,0.03,40,110,0.99226,3.55,0.68,12.1,6.0
6.7,0.15,0.29,5,0.058,28,105,0.9946,3.52,0.44,10.2,7.0
6.6,0.26,0.56,15.4,0.053,32,141,0.9981,3.11,0.49,9.3,5.0
6.6,0.33,0.31,1.3,0.02,29,89,0.99035,3.26,0.44,12.4,8.0
7.1,0.3,0.36,6.8,0.055,44.5,234,0.9972,3.49,0.64,10.2,6.0
7.1,0.28,0.26,1.9,0.049,12,86,0.9934,3.15,0.38,9.4,5.0
7.4,0.24,0.26,1.6,0.058,53,150,0.9936,3.18,0.5,9.9,7.0
6.1,0.19,0.37,2.6,0.041,24,99,0.99153,3.18,0.5,10.9,6.0
6.5,0.24,0.38,1,0.027,31,90,0.98926,3.24,0.36,12.3,6.0
6.9,0.19,0.33,1.6,0.039,27,98,0.9898,3.09,0.46,12.3,7.0
7.1,0.49,0.22,2,0.047,146.5,307.5,0.9924,3.24,0.37,11.0,3.0
6.9,0.2,0.36,1.5,0.031,38,147,0.9931,3.35,0.56,11.0,6.0
6.4,0.23,0.35,10.3,0.042,54,140,0.9967,3.23,0.47,9.2,5.0
5.6,0.2,0.22,1.3,0.049,25,155,0.99296,3.74,0.43,10.0,5.0
6.3,0.24,0.37,1.8,0.031,6,61,0.9897,3.3,0.34,12.2,4.0
7.3,0.2,0.29,19.5,0.039,69,237,1.00037,3.1,0.48,9.2,6.0
6.4,0.33,0.24,9.8,0.041,29,109,0.9956,3.29,0.47,10.1,6.0
6.4,0.18,0.31,1.6,0.049,36,127,0.9934,3.6,0.67,10.4,7.0
6.4,0.15,0.25,7.8,0.05,13,68,0.99394,3.16,0.4,9.9,6.0
6.7,0.16,0.37,1.3,0.036,45,125,0.98964,3.19,0.51,12.4,7.0
6.1,0.28,0.23,4.2,0.038,13,95,0.98898,2.97,0.7,13.1,6.0
6.4,0.24,0.5,11.6,0.047,60,211,0.9966,3.18,0.57,9.3,5.0
6.7,0.24,0.32,9,0.023,20,109,0.99262,3.34,0.35,12.6,6.0
6.4,0.15,0.31,1.1,0.044,25,96,0.9932,3.54,0.51,10.3,6.0
6.7,0.34,0.43,1.6,0.041,29,114,0.99014,3.23,0.44,12.6,6.0
6.6,0.24,0.24,8.6,0.034,25,135,0.99582,3.33,0.59,10.3,6.0
5.7,0.1,0.27,1.3,0.047,21,100,0.9928,3.27,0.46,9.5,5.0
7.2,0.24,0.29,3,0.036,17,117,0.99411,3.36,0.68,10.1,6.0
7.2,0.24,0.29,2.2,0.037,37,102,0.992,3.27,0.64,11.0,7.0
8.2,0.42,0.29,4.1,0.03,31,100,0.9911,3.0,0.32,12.8,7.0
7,0.2,0.38,8.1,0.05,42,173,0.99585,3.3,0.54,9.8,6.0
6.1,0.17,0.21,1.9,0.09,44,130,0.99255,3.07,0.41,9.7,5.0
6.7,0.11,0.34,8.8,0.043,41,113,0.9962,3.42,0.4,9.3,7.0
6,0.41,0.05,1.5,0.063,17,120,0.9932,3.21,0.56,9.2,6.0
7.1,0.35,0.24,15.4,0.055,46,198,0.9988,3.12,0.49,8.8,5.0
7.5,0.19,0.49,1.6,0.047,42,140,0.9932,3.4,0.47,10.7,6.0
6.5,0.38,0.26,5.2,0.042,33,112,0.99067,3.06,0.5,12.3,7.0
6.4,0.33,0.44,8.9,0.055,52,164,0.99488,3.1,0.48,9.6,5.0
7,0.2,0.34,5.7,0.035,32,83,0.9928,3.19,0.46,11.5,6.0
5.9,0.27,0.27,9,0.051,43,136,0.9941,3.25,0.53,10.7,6.0
5.8,0.31,0.32,4.5,0.024,28,94,0.98906,3.25,0.52,13.7,7.0
7.9,0.2,0.34,1.2,0.04,29,118,0.9932,3.14,0.41,10.6,6.0
6.8,0.18,0.21,5.4,0.053,34,104,0.99445,3.3,0.43,9.4,5.0
7.1,0.22,0.32,16.9,0.056,49,158,0.9998,3.37,0.38,9.6,6.0
7.1,0.18,0.32,12.2,0.048,36,125,0.9967,2.92,0.54,9.4,6.0
7.2,0.2,0.3,2,0.039,43,188,0.9911,3.3,0.41,12.0,6.0
8.8,0.39,0.34,5.9,0.055,33,128,0.9927,2.95,0.51,11.8,6.0
7.4,0.25,0.28,7.25,0.028,14,78,0.99238,2.94,0.37,11.5,7.0
7.5,0.31,0.51,14.8,0.039,62,204,0.9982,3.06,0.6,9.5,5.0
7.4,0.41,0.66,10.8,0.051,77,194,0.9976,3.05,0.46,8.7,5.0
6.9,0.3,0.33,4.1,0.035,26,155,0.9925,3.25,0.79,12.3,8.0
6.4,0.23,0.32,1.9,0.038,40,118,0.99074,3.32,0.53,11.8,7.0
5.3,0.16,0.39,1,0.028,40,101,0.99156,3.57,0.59,10.6,6.0
7,0.36,0.32,10.05,0.045,37,131,0.99352,3.09,0.33,11.7,8.0
7.4,0.36,0.33,1.4,0.025,27,55,0.9915,3.21,0.33,11.2,6.0
8.2,0.36,0.29,7.6,0.035,37,122,0.9939,3.16,0.34,12.0,5.0
7.1,0.36,0.37,4.8,0.019,39,114,0.99036,3.08,0.49,12.7,7.0
7.4,0.28,0.49,1.5,0.034,20,126,0.9918,2.98,0.39,10.6,6.0
7.7,0.3,0.23,2,0.068,28,138,0.99382,3.11,0.62,9.8,5.0
6,0.28,0.24,17.8,0.047,42,111,0.99896,3.1,0.45,8.9,6.0
7.3,0.22,0.31,2.3,0.018,45,80,0.98936,3.06,0.34,12.9,7.0
7.5,0.23,0.35,17.8,0.058,128,212,1.00241,3.44,0.43,8.9,5.0
8.3,0.16,0.37,7.9,0.025,38,107,0.99306,2.93,0.37,11.9,6.0
8.8,0.23,0.35,10.7,0.04,26,183,0.9984,2.93,0.49,9.1,6.0
7.7,0.28,0.33,6.7,0.037,32,155,0.9951,3.39,0.62,10.7,7.0
6.1,0.27,0.31,3.9,0.034,42,137,0.99218,3.24,0.46,10.9,6.0
6.5,0.26,0.31,1.3,0.034,59,145,0.98944,3.16,0.54,12.4,6.0
6.9,0.44,0.42,8.5,0.048,10,147,0.9974,3.32,0.46,9.5,6.0
7,0.24,0.24,1.8,0.047,29,91,0.99251,3.3,0.43,9.9,6.0
5.9,0.15,0.31,5.8,0.041,53,155,0.9945,3.52,0.46,10.5,6.0
6.8,0.27,0.28,7.8,0.038,26,89,0.9915,3.24,0.34,12.5,6.0
7.8,0.19,0.32,7.4,0.015,47,124,0.99278,2.99,0.39,11.0,6.0
6.8,0.73,0.2,6.6,0.054,25,65,0.99324,3.12,0.28,11.1,4.0
6.5,0.43,0.28,12,0.056,23,174,0.9986,3.31,0.55,9.3,5.0
6.8,0.35,0.53,10.1,0.053,37,151,0.9963,3.07,0.4,9.4,5.0
7.3,0.25,0.26,7.2,0.048,52,207,0.99587,3.12,0.37,9.2,5.0
7.2,0.39,0.62,11,0.047,66,178,0.9976,3.16,0.5,8.7,5.0
6.5,0.22,0.34,12,0.053,55,177,0.9983,3.52,0.44,9.9,6.0
7.3,0.25,0.28,1.5,0.043,19,113,0.99338,3.38,0.56,10.1,6.0
7.4,0.22,0.27,1.6,0.057,45,98,0.99299,3.29,0.44,9.9,7.0
7.1,0.32,0.24,13.1,0.05,52,204,0.998,3.1,0.49,8.8,5.0
6.7,0.37,0.41,6.3,0.061,22,149,0.9953,3.16,0.47,9.6,6.0
7,0.24,0.36,4.9,0.083,10,133,0.9942,3.33,0.37,10.8,6.0
6.8,0.23,0.29,15.4,0.073,56,173,0.9984,3.06,0.41,8.7,6.0
6.7,0.36,0.26,7.9,0.034,39,123,0.99119,2.99,0.3,12.2,7.0
6.6,0.19,0.99,1.2,0.122,45,129,0.9936,3.09,0.31,8.7,6.0
6.1,0.27,0.3,16.7,0.039,49,172,0.99985,3.4,0.45,9.4,5.0
6.8,0.19,0.23,5.1,0.034,71,204,0.9942,3.23,0.69,10.1,5.0
7.8,0.25,0.34,13.7,0.044,66,184,0.99976,3.22,0.75,8.9,5.0
8.4,0.31,0.31,0.95,0.021,52,148,0.99038,2.93,0.32,11.5,5.0
7.4,0.28,0.5,12.1,0.049,48,122,0.9973,3.01,0.44,9.0,5.0
6.2,0.25,0.38,7.9,0.045,54,208,0.99572,3.17,0.46,9.1,5.0
5.9,0.2,0.23,1.5,0.037,38,93,0.99021,3.36,0.49,12.0,6.0
7.8,0.39,0.26,9.9,0.059,33,181,0.9955,3.04,0.42,10.9,6.0
6,0.21,0.3,8.7,0.036,47,127,0.99368,3.18,0.39,10.6,5.0
7.1,0.17,0.4,14.55,0.047,47,156,0.99945,3.34,0.78,9.1,6.0
5.8,0.3,0.38,4.9,0.039,22,86,0.98963,3.23,0.58,13.1,7.0
6.5,0.35,0.36,0.8,0.034,32,111,0.98942,3.11,0.5,12.1,8.0
6.3,0.29,0.29,3.3,0.037,32,140,0.9895,3.17,0.36,12.8,7.0
6.9,0.14,0.38,1,0.041,22,81,0.99043,3.03,0.54,11.4,6.0
7.9,0.46,0.32,4.1,0.033,40,138,0.9912,3.18,0.44,12.8,7.0
7.7,0.32,0.48,2.3,0.04,28,114,0.9911,3.2,0.52,12.8,7.0
7.2,0.22,0.28,7.2,0.06,41,132,0.9935,3.08,0.59,11.3,6.0
7,0.19,0.23,5.7,0.123,27,104,0.9954,3.04,0.54,9.4,6.0
7.2,0.24,0.34,1.1,0.045,3,64,0.9913,3.23,0.51,11.4,5.0
7.7,0.12,0.32,1.4,0.06,47,150,0.9952,3.37,0.42,9.2,6.0
6.5,0.41,0.24,14,0.048,24,113,0.9982,3.44,0.53,9.8,6.0
7.4,0.26,0.43,6,0.022,22,125,0.9928,3.13,0.55,11.5,6.0
8.4,0.2,0.31,2.8,0.054,16,89,0.99416,2.96,0.45,9.5,6.0
6.6,0.28,0.28,8.5,0.052,55,211,0.9962,3.09,0.55,8.9,6.0
5.6,0.175,0.29,0.8,0.043,20,67,0.99112,3.28,0.48,9.9,6.0
6.7,0.24,0.26,5.4,0.03,15,94,0.99045,3.15,0.38,12.7,6.0
8,0.45,0.28,10.8,0.051,25,157,0.9957,3.06,0.47,11.4,7.0
3.8,0.31,0.02,11.1,0.036,20,114,0.99248,3.75,0.44,12.4,6.0
8.1,0.19,0.4,0.9,0.037,73,180,0.9926,3.06,0.34,10.0,6.0
7.1,0.17,0.38,7.4,0.052,49,182,0.9958,3.35,0.52,9.6,6.0
6,0.26,0.15,1.2,0.053,35,124,0.99347,3.08,0.46,8.8,5.0
7,0.12,0.28,6.3,0.057,17,103,0.9957,3.5,0.44,9.6,5.0
6.6,0.23,0.18,8.5,0.044,59,188,0.99558,3.16,0.49,9.5,5.0
7.3,0.17,0.24,8.1,0.121,32,162,0.99508,3.17,0.38,10.4,8.0
7.2,0.28,0.3,10.7,0.044,61,222,0.9972,3.14,0.5,9.1,6.0
7.1,0.22,0.33,2.8,0.033,48,153,0.9899,3.15,0.38,12.7,7.0
7.4,0.16,0.3,13.7,0.056,33,168,0.99825,2.9,0.44,8.7,7.0
4.8,0.33,0.0,6.5,0.028,34,163,0.9937,3.35,0.61,9.9,5.0
6.1,0.55,0.15,9.8,0.031,19,125,0.9957,3.36,0.47,10.2,6.0
5.9,0.19,0.26,7.4,0.034,33,123,0.995,3.49,0.42,10.1,6.0
6.3,0.28,0.29,6.8,0.051,40,143,0.99374,3.43,0.59,11.0,6.0
6.3,0.695,0.55,12.9,0.056,58,252,0.99806,3.29,0.49,8.7,5.0
7,0.22,0.28,1.5,0.037,29,115,0.9927,3.11,0.55,10.5,6.0
7.2,0.24,0.19,7.7,0.045,53,176,0.9958,3.17,0.38,9.5,5.0
6.7,0.2,0.37,1.65,0.025,42,103,0.99022,3.11,0.45,11.4,5.0
6.6,0.32,0.24,1.3,0.06,42.5,204,0.99512,3.59,0.51,9.2,5.0
7.1,0.25,0.3,2.4,0.042,25,122,0.994,3.43,0.61,10.5,6.0
7.5,0.16,0.38,12.7,0.043,70.5,163,0.99706,3.15,0.82,10.4,7.0
6.7,0.24,0.3,3.85,0.042,105,179,0.99189,3.04,0.59,11.3,8.0
7.1,0.2,0.36,11.6,0.042,45,124,0.997,2.92,0.59,9.5,7.0
6.7,0.16,0.36,2,0.045,24,131,0.99284,3.3,0.59,10.5,6.0
6.6,0.27,0.41,1.3,0.052,16,142,0.9951,3.42,0.47,10.0,6.0
7.1,0.31,0.17,1,0.042,21,144,0.99304,3.13,0.4,9.6,5.0
5,0.24,0.19,5,0.043,17,101,0.99438,3.67,0.57,10.0,5.0
7,0.46,0.39,6.2,0.039,46,163,0.9928,3.21,0.35,12.2,7.0
6.3,0.32,0.17,17.75,0.06,51,190,0.99916,3.13,0.48,8.8,6.0
6.5,0.43,0.28,11.25,0.032,31,87,0.9922,3.02,0.38,12.4,6.0
5.1,0.14,0.25,0.7,0.039,15,89,0.9919,3.22,0.43,9.2,6.0
7,0.12,0.29,10.3,0.039,41,98,0.99564,3.19,0.38,9.8,8.0
7.4,0.105,0.34,12.2,0.05,57,146,0.9973,3.16,0.37,9.0,6.0
6.3,0.25,0.27,6.6,0.054,40,158,0.99378,3.2,0.48,10.3,5.0
4.8,0.29,0.23,1.1,0.044,38,180,0.98924,3.28,0.34,11.9,6.0
7.6,0.31,0.23,12.7,0.054,20,139,0.99836,3.16,0.5,9.7,4.0
9.2,0.34,0.27,1.2,0.026,17,73,0.9921,3.08,0.39,10.8,5.0
7.4,0.3,0.49,8.2,0.055,49,188,0.9974,3.52,0.58,9.7,6.0
6.5,0.18,0.26,1.4,0.041,40,141,0.9941,3.34,0.72,9.5,6.0
7,0.16,0.26,6.85,0.047,30,220,0.99622,3.38,0.58,10.1,6.0
6.4,0.3,0.3,2.25,0.038,8,210,0.9937,3.2,0.62,9.9,6.0
7.8,0.25,0.37,1,0.043,10,80,0.99128,3.08,0.38,11.4,5.0
8.5,0.32,0.36,14.9,0.041,47,190,0.9982,3.08,0.31,10.0,6.0
5.9,0.27,0.29,11.4,0.036,31,115,0.9949,3.35,0.48,10.5,8.0
5.6,0.185,0.19,7.1,0.048,36,110,0.99438,3.26,0.41,9.5,6.0
7.6,0.2,0.3,14.2,0.056,53,212.5,0.999,3.14,0.46,8.9,8.0
7.2,0.34,0.23,8.9,0.105,22,155,0.99692,3.01,0.58,9.5,5.0
6.5,0.28,0.27,5.2,0.04,44,179,0.9948,3.19,0.69,9.4,6.0
6.4,0.31,0.53,8.8,0.057,36,221,0.99642,3.17,0.44,9.1,5.0
8.5,0.56,0.74,17.85,0.051,51,243,1.0005,2.99,0.7,9.2,5.0
6.8,0.31,0.3,8,0.028,33,122,0.99164,3.13,0.63,12.6,7.0
5.7,0.46,0.46,1.4,0.04,31,169,0.9932,3.13,0.47,8.8,5.0
4.8,0.21,0.21,10.2,0.037,17,112,0.99324,3.66,0.48,12.2,7.0
6.5,0.28,0.38,7.8,0.031,54,216,0.99154,3.03,0.42,13.1,6.0
5,0.33,0.23,11.8,0.03,23,158,0.99322,3.41,0.64,11.8,6.0
6.5,0.2,0.33,1.5,0.039,36,110,0.99008,3.22,0.65,12.0,6.0
5.7,0.22,0.28,1.3,0.027,26,101,0.98948,3.35,0.38,12.5,7.0
6.4,0.32,0.27,4.9,0.034,18,122,0.9916,3.36,0.71,12.5,6.0
6.1,0.16,0.37,1.1,0.031,37,97,0.9922,3.4,0.58,10.5,6.0
7.5,0.22,0.29,4.8,0.05,33,87,0.994,3.14,0.42,9.9,5.0
8.2,0.2,0.49,3.5,0.057,14,108,0.9928,3.19,0.35,11.5,6.0
7.1,0.2,0.31,6.85,0.053,32,211,0.99587,3.31,0.59,10.4,6.0
6.1,0.6,0.0,1.3,0.042,24,79,0.9937,3.31,0.38,9.4,4.0
5.9,0.34,0.22,2.4,0.03,19,135,0.9894,3.41,0.78,13.9,7.0
6.6,0.28,0.42,8.2,0.044,60,196,0.99562,3.14,0.48,9.4,5.0
6.4,0.14,0.28,7.9,0.057,21,82,0.99425,3.26,0.36,10.0,6.0
9.2,0.16,0.49,2,0.044,18,107,0.99514,3.1,0.53,10.2,4.0
7.1,0.47,0.29,14.8,0.024,22,142,0.99518,3.12,0.48,12.0,8.0
8.3,0.18,0.3,1.1,0.033,20,57,0.99109,3.02,0.51,11.0,6.0
8.5,0.21,0.41,4.3,0.036,24,99,0.9947,3.18,0.53,9.7,6.0
6.1,0.17,0.42,15.1,0.033,28,124,0.99684,2.87,0.47,9.5,5.0
7,0.53,0.43,6.1,0.029,6,76,0.99118,3.08,0.5,12.5,8.0
6.3,0.22,0.34,1.2,0.036,32,96,0.98961,3.06,0.74,11.6,6.0
6.9,0.32,0.16,1.4,0.051,15,96,0.994,3.22,0.38,9.5,4.0
6.9,0.34,0.36,1.4,0.032,13,145,0.99214,3.07,0.52,9.8,5.0
6.9,0.115,0.35,5.4,0.048,36,108,0.9939,3.32,0.42,10.2,6.0
6.4,0.32,0.25,5,0.055,28,138,0.99171,3.27,0.5,12.4,8.0
6.8,0.22,0.31,6.9,0.037,33,121,0.99176,3.02,0.39,11.9,8.0
7,0.2,0.34,5.7,0.035,32,83,0.9928,3.19,0.46,11.5,6.0
4.7,0.455,0.18,1.9,0.036,33,106,0.98746,3.21,0.83,14.0,7.0
7.5,0.42,0.14,10.7,0.046,18,95,0.9959,3.22,0.33,10.7,5.0
6.2,0.16,0.47,1.4,0.029,23,81,0.99,3.26,0.42,12.2,6.0
6.6,0.23,0.3,4.6,0.06,29,154,0.99142,3.23,0.49,12.2,8.0
5.7,0.27,0.32,1.2,0.046,20,155,0.9934,3.8,0.41,10.2,6.0
7.7,0.18,0.3,1.2,0.046,49,199,0.99413,3.03,0.38,9.3,5.0
7,0.23,0.33,1,0.043,46,110,0.99118,3.04,0.65,10.8,6.0
7.3,0.24,0.34,15.4,0.05,38,174,0.9983,3.03,0.42,9.0,6.0
6.6,0.25,0.42,11.3,0.049,77,231,0.9966,3.24,0.52,9.5,6.0
7.6,0.16,0.44,1.4,0.043,25,109,0.9932,3.11,0.75,10.3,6.0
6.6,0.34,0.34,2.6,0.051,40.5,210,0.99314,3.15,0.61,10.0,5.0
8.2,0.17,0.32,1.5,0.05,17,101,0.994,3.14,0.58,9.5,5.0
7.8,0.22,0.38,10.3,0.059,28,99,0.9967,3.12,0.47,10.0,6.0
8.3,0.26,0.31,2,0.029,14,141,0.99077,2.95,0.77,12.2,6.0
6.4,0.38,0.26,8.2,0.043,28,98,0.99234,2.99,0.31,11.4,6.0
7.2,0.21,0.36,15.7,0.045,68,183,0.99922,3.25,0.76,9.4,5.0
7.3,0.4,0.28,6.5,0.037,26,97,0.99148,3.16,0.58,12.6,7.0
8,0.25,0.49,1.2,0.061,27,117,0.9938,3.08,0.34,9.4,5.0
8.1,0.26,0.33,11.1,0.052,52.5,158,0.9976,3.03,0.49,10.2,7.0
6.5,0.18,0.34,1.6,0.04,43,148,0.9912,3.32,0.59,11.5,8.0
6.3,0.19,0.32,2.8,0.046,18,80,0.99043,2.92,0.47,11.05,6.0
5.9,0.25,0.27,1.5,0.029,37,81,0.9892,3.2,0.46,12.2,6.0
7.2,0.23,0.19,13.7,0.052,47,197,0.99865,3.12,0.53,9.0,5.0
9,0.43,0.3,1.5,0.05,7,175,0.9951,3.11,0.45,9.7,4.0
7.5,0.24,0.31,13.1,0.05,26,180,0.99884,3.05,0.53,9.1,6.0
7.1,0.28,0.19,7.8,0.04,48,184,0.99579,3.16,0.5,9.4,5.0
6.2,0.22,0.28,2.2,0.04,24,125,0.9917,3.19,0.48,10.5,6.0
4.8,0.17,0.28,2.9,0.03,22,111,0.9902,3.38,0.34,11.3,7.0
5.6,0.19,0.27,0.9,0.04,52,103,0.99026,3.5,0.39,11.2,5.0
6.2,0.21,0.34,6.6,0.03,36,91,0.9914,3.32,0.45,12.5,7.0
7.9,0.28,0.41,2,0.044,50,152,0.9934,3.45,0.49,10.7,8.0
6.8,0.19,0.36,1.9,0.035,30,96,0.9917,3.15,0.54,10.8,7.0
7.7,0.31,0.26,7.8,0.031,23,90,0.9944,3.13,0.5,10.4,5.0
7.8,0.3,0.74,1.8,0.033,33,156,0.991,3.29,0.52,12.8,6.0
5.8,0.2,0.27,1.4,0.031,12,77,0.9905,3.25,0.36,10.9,7.0
6.9,0.75,0.13,6.3,0.036,19,50,0.99312,3.09,0.25,11.1,4.0
8.3,0.28,0.45,7.8,0.059,32,139,0.9972,3.33,0.77,11.2,6.0
5.7,0.21,0.37,4.5,0.04,58,140,0.99332,3.29,0.62,10.6,6.0
6.4,0.16,0.28,2.2,0.042,33,93,0.9914,3.31,0.43,11.1,6.0
7.2,0.35,0.34,12.4,0.051,6,37,0.9944,3.13,0.39,11.5,6.0
6.9,0.19,0.35,1.7,0.036,33,101,0.99315,3.21,0.54,10.8,7.0
5.7,0.12,0.26,5.5,0.034,21,99,0.99324,3.09,0.57,9.9,6.0
6.4,0.37,0.19,3.5,0.068,18,101,0.9934,3.03,0.38,9.0,6.0
6.7,0.25,0.31,1.35,0.061,30.5,218,0.99388,3.16,0.53,9.5,5.0
7.6,0.18,0.36,2.4,0.049,38,123,0.996,3.6,0.46,10.3,5.0
6.8,0.36,0.24,4.6,0.039,24,124,0.9909,3.27,0.34,12.6,7.0
7.1,0.18,0.39,14.5,0.051,48,156,0.99947,3.35,0.78,9.1,5.0
6.8,0.33,0.28,1.2,0.032,38,131,0.9889,3.19,0.41,13.0,6.0
5.8,0.28,0.35,2.3,0.053,36,114,0.9924,3.28,0.5,10.2,4.0
7.4,0.18,0.31,1.4,0.058,38,167,0.9931,3.16,0.53,10.0,7.0
6.8,0.2,0.27,1.2,0.034,19,68,0.9902,3.14,0.37,11.7,4.0
7.6,0.29,0.42,1.3,0.035,18,86,0.9908,2.99,0.39,11.3,5.0
6,0.22,0.28,1.1,0.034,47,90,0.98862,3.22,0.38,12.6,6.0
6.2,0.3,0.49,11.2,0.058,68,215,0.99656,3.19,0.6,9.4,6.0
7.2,0.21,0.35,14.5,0.048,35,178,0.9982,3.05,0.47,8.9,6.0
6.8,0.39,0.34,7.4,0.02,38,133,0.99212,3.18,0.44,12.0,7.0
6.4,0.25,0.57,1,0.062,21,122,0.99238,3.0,0.4,9.5,5.0
6.6,0.41,0.24,4.9,0.158,47,144,0.99471,3.17,0.49,9.4,5.0
6.4,0.16,0.42,1,0.036,29,113,0.9908,3.18,0.52,11.0,6.0
6.4,0.31,0.28,1.5,0.037,12,119,0.9919,3.32,0.51,10.4,7.0
6,0.34,0.66,15.9,0.046,26,164,0.9979,3.14,0.5,8.8,6.0
7,0.17,0.37,5.7,0.025,29,111,0.9938,3.2,0.49,10.8,6.0
8.5,0.26,0.21,16.2,0.074,41,197,0.998,3.02,0.5,9.8,3.0
7.5,0.33,0.28,4.9,0.042,21,155,0.99385,3.36,0.57,10.9,6.0
8.4,0.2,0.38,11.8,0.055,51,170,1.0004,3.34,0.82,8.9,6.0
7.5,0.3,0.21,6.55,0.026,33,143,0.99244,2.92,0.35,11.1,5.0
6.7,0.26,0.49,8.3,0.047,54,191,0.9954,3.23,0.4,10.3,6.0
6.4,0.29,0.28,11.1,0.063,66,169,0.9973,2.89,0.57,9.0,5.0
5.8,0.27,0.27,12.3,0.045,55,170,0.9972,3.28,0.42,9.3,6.0
6.3,0.27,0.51,7.6,0.049,35,200,0.99548,3.16,0.54,9.4,4.0
7.2,0.25,0.39,18.95,0.038,42,155,0.9999,2.97,0.47,9.0,6.0
5.5,0.31,0.29,3,0.027,16,102,0.99067,3.23,0.56,11.2,6.0
7.3,0.24,0.43,2,0.021,20,69,0.99,3.08,0.56,12.2,6.0
6.6,0.23,0.32,0.9,0.041,25,79,0.9926,3.39,0.54,10.2,7.0
7.3,0.25,0.36,2.1,0.034,30,177,0.99085,3.25,0.4,11.9,8.0
6,0.17,0.21,6,0.05,26,134,0.9939,3.08,0.54,9.8,6.0
7.2,0.23,0.38,6.1,0.067,20,90,0.99496,3.17,0.79,9.7,5.0
7,0.21,0.34,8.5,0.033,31,253,0.9953,3.22,0.56,10.5,6.0
9.9,1.005,0.46,1.4,0.046,34,185,0.9966,3.02,0.49,10.2,4.0
6.2,0.19,0.38,5.1,0.019,22,82,0.98961,3.05,0.36,12.5,6.0
8.7,0.34,0.46,13.8,0.055,68,198,0.9988,3.36,0.37,9.5,6.0
6.1,0.14,0.25,1.3,0.047,37,173,0.9925,3.35,0.46,10.0,6.0
6.7,0.3,0.29,2.8,0.025,37,107,0.99159,3.31,0.63,11.3,7.0
7.2,0.24,0.36,2,0.029,21,63,0.99076,3.13,0.63,12.5,6.0
9.3,0.2,0.33,1.7,0.05,28,178,0.9954,3.16,0.43,9.0,4.0
8.1,0.2,0.28,0.9,0.023,49,87,0.99062,2.92,0.36,11.1,6.0
8.1,0.28,0.49,1,0.04,32,148,0.9936,3.13,0.41,10.0,6.0
8.7,0.31,0.73,14.35,0.044,27,191,1.00013,2.96,0.88,8.7,5.0
6.2,0.12,0.34,1.5,0.045,43,117,0.9939,3.42,0.51,9.0,6.0
8,0.4,0.33,7.7,0.034,27,98,0.9935,3.18,0.41,12.2,7.0
